vars,first_wave_value,first_wave_p,second_wave_value,second_wave_p,third_wave_value,third_wave_p,total_value,total_p
(Intercept),-1408.007,0.0064,-6562.322,0,-4738.1681866759,5.23782370652011e-05,-519.953,0
F0,0.031,0,0.084,0,-0.0228830085742571,0.103904786642507,-0.004,0
F3,-0.157,4e-04,-0.425,0,0.116879708270428,0.223314578786225,,
F4,0.101,9e-04,0.517,0,0.233330247593556,0.000559484998545976,,
mR_weighted_by_pop,333.732,0.0429,1440.279,2e-04,1102.42433075419,0.00292086194402108,295.089,0
population_density,3.419,0,5.183,0,2.42049590161891,0.0122684697736574,,
